id,name,lastname,price,flycode,typePassenger,statusFlight
1,González,Lou,10000.00,BA2491A,FirstClass,Aterrizado
2,Muñoz,Ulrike,25000.00,IB0800A,FirstClass,Aterrizado
3,Rojas,Brade,20000.00,MM0987B,FirstClass,En Horario
4,Díaz,Kimbell,50000.00,BA2491A,FirstClass,Aterrizado
5,Pérez,Sheelagh,18000.00,IB0800A,FirstClass,Aterrizado
6,Soto,Gayle,30000.00,MM0987B,FirstClass,En Horario
7,Contreras,Kimberlee,33000.00,BA2491A,FirstClass,Aterrizado
8,Silva,Henrieta,30000.00,IB0800A,FirstClass,Aterrizado
9,Martínez,Jeanine,18000.00,MM0987B,FirstClass,En Horario
10,Sepúlveda,Aggie,15000.00,BA2491A,FirstClass,Aterrizado
11,Morales,Brandea,15000.00,IB0800A,FirstClass,Aterrizado
12,Rodríguez,Cordelie,50000.00,IB0800A,FirstClass,Aterrizado
13,López,Shel,50000.00,MM0987B,FirstClass,En Horario
14,Fuentes,Bronnie,20000.00,MM0987B,FirstClass,En Horario
15,Hernández,Megen,10000.00,BA2491A,FirstClass,Aterrizado
16,Torres,Iver,12000.00,BA2491A,FirstClass,Aterrizado
17,Araya,Ernesta,37000.00,BA2491A,FirstClass,Aterrizado
18,Flores,Cirillo,50000.00,MM0987B,FirstClass,En Horario
19,Espinoza,Park,30000.00,MM0987B,FirstClass,En Horario
20,Valenzuela,Bellanca,15000.00,BA2491A,FirstClass,Aterrizado
21,Castillo,Bobbye,15000.00,BA2491A,FirstClass,Aterrizado
22,Tapia,Eugene,50000.00,BA2491A,FirstClass,Aterrizado
23,Reyes,Johnny,33000.00,MM0987B,FirstClass,En Horario
24,Gutiérrez,Reagen,42000.00,MM0987B,FirstClass,En Horario
25,Castro,Braden,25000.00,MM0987B,FirstClass,En Horario
26,Pizarro,Karim,25000.00,MM0987B,FirstClass,En Horario
27,Álvarez,Anthea,42000.00,MM0987B,FirstClass,En Horario
28,Vásquez,Doro,33000.00,IB0800A,FirstClass,Aterrizado
29,Sánchez,Gaye,37000.00,IB0800A,FirstClass,Aterrizado
30,Fernández,Toby,15000.00,IB0800A,FirstClass,Aterrizado
31,Ramírez,Franny,15000.00,IB0800A,FirstClass,Aterrizado
32,Carrasco,Katey,42000.00,MM0987B,FirstClass,En Horario
33,Gómez,Earle,10000.00,BA2491A,FirstClass,Aterrizado
34,Cortés,Redd,42000.00,BA2491A,FirstClass,Aterrizado
35,Herrera,Jehanna,50000.00,BA2491A,FirstClass,Aterrizado
36,Núñez,Cristie,10000.00,BA2491A,FirstClass,Aterrizado
37,Jara,Stefa,42000.00,BA2491A,FirstClass,Aterrizado
38,Vergara,Roda,25000.00,MM0987B,FirstClass,En Horario
39,Rivera,Alfredo,10000.00,MM0987B,FirstClass,En Horario
40,Figueroa,Sydney,10000.00,MM0987B,FirstClass,En Horario
41,Riquelme,Brnaba,30000.00,MM0987B,FirstClass,En Horario
42,García,Ame,50000.00,BA2491A,ExecutiveClass,Aterrizado
43,Miranda,Bradney,25000.00,BA2491A,ExecutiveClass,Aterrizado
44,Bravo,Margarete,50000.00,BA2491A,ExecutiveClass,Aterrizado
45,Vera,Nikoletta,50000.00,MM0987B,FirstClass,En Horario
46,Molina,Lonnard,50000.00,IB0800A,FirstClass,Aterrizado
47,Vega,Raine,30000.00,IB0800A,FirstClass,Aterrizado
48,Campos,Noella,15000.00,IB0800A,FirstClass,Aterrizado
49,Sandoval,Dagmar,25000.00,IB0800A,FirstClass,Aterrizado
50,Orellana,Carroll,42000.00,IB0800A,FirstClass,Aterrizado
51,Cárdenas,Marion,50000.00,IB0800A,FirstClass,Aterrizado
52,Olivares,Carline,12000.00,IB0800A,FirstClass,Aterrizado
53,Alarcón,Hyacinthie,15000.00,MM0987B,FirstClass,En Horario
54,Gallardo,Julina,33000.00,MM0987B,FirstClass,En Horario
55,Ortiz,Corina,37000.00,MM0987B,FirstClass,En Horario
56,Garrido,Bernardine,33000.00,MM0987B,FirstClass,En Horario
57,Salazar,Homer,18000.00,MM0987B,FirstClass,En Horario
58,Guzmán,Lianna,12000.00,MM0987B,FirstClass,En Horario
59,Henríquez,Celene,50000.00,MM0987B,FirstClass,En Horario
60,Saavedra,Kori,50000.00,MM0987B,FirstClass,En Horario
61,Navarro,Deeyn,20000.00,MM0987B,FirstClass,En Horario
62,Aguilera,Marysa,20000.00,MM0987B,FirstClass,En Horario
63,Parra,Loy,15000.00,MM0987B,FirstClass,En Horario
64,Romero,Gabbey,37000.00,MM0987B,FirstClass,En Horario
65,Aravena,Star,33000.00,MM0987B,FirstClass,En Horario
66,Vargas,Dominica,33000.00,IB0800A,FirstClass,Aterrizado
67,Vázquez,Blanch,15000.00,IB0800A,FirstClass,Aterrizado
68,Cáceres,Cristobal,15000.00,IB0800A,FirstClass,Aterrizado
69,Yáñez,Paulita,50000.00,IB0800A,FirstClass,Aterrizado
70,Leiva,Sayre,33000.00,IB0800A,FirstClass,Aterrizado
71,Escobar,Shaughn,15000.00,IB0800A,FirstClass,Aterrizado
72,Ruiz,Katrine,25000.00,IB0800A,FirstClass,Aterrizado
73,Valdés,Cristi,42000.00,IB0800A,FirstClass,Aterrizado
74,Vidal,Cristie,25000.00,IB0800A,ExecutiveClass,Aterrizado
75,Salinas,Solomon,10000.00,IB0800A,ExecutiveClass,Aterrizado
76,Zúñiga,Nananne,33000.00,IB0800A,ExecutiveClass,Aterrizado
77,Peña,Sacha,25000.00,IB0800A,ExecutiveClass,Aterrizado
78,Godoy,Morse,25000.00,IB0800A,ExecutiveClass,Aterrizado
79,Lagos,Roland,25000.00,IB0800A,ExecutiveClass,Aterrizado
80,Maldonado,Jesselyn,30000.00,IB0800A,ExecutiveClass,Aterrizado
81,Bustos,Kylila,12000.00,IB0800A,ExecutiveClass,Aterrizado
82,Medina,Kendre,25000.00,IB0800A,ExecutiveClass,Aterrizado
83,Pino,Lesya,15000.00,IB0800A,ExecutiveClass,Aterrizado
84,Palma,Tatiania,20000.00,IB0800A,ExecutiveClass,Aterrizado
85,Moreno,Trenton,12000.00,IB0800A,ExecutiveClass,Aterrizado
86,Sanhueza,Angie,20000.00,MM0987B,FirstClass,En Horario
87,Carvajal,Joelle,37000.00,MM0987B,FirstClass,En Horario
88,Navarrete,George,30000.00,MM0987B,ExecutiveClass,En Horario
89,Sáez,Guenevere,30000.00,MM0987B,ExecutiveClass,En Horario
90,Alvarado,Margaretha,10000.00,MM0987B,ExecutiveClass,En Horario
91,Donoso,Sully,15000.00,MM0987B,ExecutiveClass,En Horario
92,Poblete,Lonni,50000.00,MM0987B,ExecutiveClass,En Horario
93,Bustamante,Nicky,42000.00,MM0987B,ExecutiveClass,En Horario
94,Toro,My,18000.00,MM0987B,ExecutiveClass,En Horario
95,Ortega,Kyrstin,37000.00,IB0800A,ExecutiveClass,Aterrizado
96,Venegas,Martino,15000.00,IB0800A,ExecutiveClass,Aterrizado
97,Guerrero,Marcellus,50000.00,IB0800A,ExecutiveClass,Aterrizado
98,Mendoza,Jacquelin,30000.00,IB0800A,ExecutiveClass,Aterrizado
99,Farías,Aleda,50000.00,IB0800A,ExecutiveClass,Aterrizado
100,San Martín,Georgeta,10000.00,IB0800A,ExecutiveClass,Aterrizado
101,González,Marcille,10000.00,IB0800A,ExecutiveClass,Aterrizado
102,Fernández,Ertha,10000.00,IB0800A,ExecutiveClass,Aterrizado
103,Rodríguez,Desiri,25000.00,MM0987B,ExecutiveClass,En Horario
104,López,Geneva,33000.00,MM0987B,ExecutiveClass,En Horario
105,Martínez,Kilian,42000.00,MM0987B,ExecutiveClass,En Horario
106,Sánchez,Nance,10000.00,MM0987B,ExecutiveClass,En Horario
107,Pérez,Gaven,10000.00,MM0987B,ExecutiveClass,En Horario
108,Gómez,Carlie,10000.00,MM0987B,ExecutiveClass,En Horario
109,Martín,Trixie,42000.00,IB0800A,ExecutiveClass,Aterrizado
110,Jiménez,Dominick,30000.00,IB0800A,ExecutiveClass,Aterrizado
111,Ruiz,Petey,15000.00,IB0800A,ExecutiveClass,Aterrizado
112,Hernández,Tersina,30000.00,IB0800A,ExecutiveClass,Aterrizado
113,Díaz,Johnathon,15000.00,IB0800A,ExecutiveClass,Aterrizado
114,Moreno,Freddie,12000.00,IB0800A,ExecutiveClass,Aterrizado
115,Álvarez,Harmon,50000.00,IB0800A,ExecutiveClass,Aterrizado
116,Muñoz,Tracey,20000.00,IB0800A,ExecutiveClass,Aterrizado
117,Romero,Cherrita,33000.00,MM0987B,ExecutiveClass,En Horario
118,Alonso,Stu,12000.00,MM0987B,ExecutiveClass,En Horario
119,Gutiérrez,Glenda,37000.00,MM0987B,ExecutiveClass,En Horario
120,Navarro,Lorettalorna,25000.00,MM0987B,ExecutiveClass,En Horario
121,Torres,Patrizio,15000.00,IB0800A,ExecutiveClass,Aterrizado
122,Domínguez,Linda,30000.00,IB0800A,ExecutiveClass,Aterrizado
123,Vázquez,Pippa,20000.00,IB0800A,ExecutiveClass,Aterrizado
124,Ramos,Pen,18000.00,IB0800A,EconomyClass,Aterrizado
125,González,Esteban,15000.00,IB0800A,EconomyClass,Aterrizado
126,Muñoz,Fonzie,15000.00,IB0800A,EconomyClass,Aterrizado
127,Rojas,Cindelyn,12000.00,IB0800A,EconomyClass,Aterrizado
128,Díaz,Zacharie,30000.00,BA2491A,ExecutiveClass,Aterrizado
129,Pérez,Vina,42000.00,BA2491A,ExecutiveClass,Aterrizado
130,Soto,Omero,10000.00,BA2491A,ExecutiveClass,Aterrizado
131,Contreras,Tom,33000.00,BA2491A,ExecutiveClass,Aterrizado
132,Silva,Dante,30000.00,BA2491A,ExecutiveClass,Aterrizado
133,Martínez,Cordy,18000.00,BA2491A,ExecutiveClass,Aterrizado
134,Sepúlveda,Stephenie,50000.00,BA2491A,ExecutiveClass,Aterrizado
135,Morales,Dunstan,20000.00,BA2491A,ExecutiveClass,Aterrizado
136,Rodríguez,Gideon,15000.00,BA2491A,ExecutiveClass,Aterrizado
137,López,Johnette,10000.00,BA2491A,ExecutiveClass,Aterrizado
138,Fuentes,Brynn,50000.00,BA2491A,ExecutiveClass,Aterrizado
139,Hernández,Yankee,42000.00,BA2491A,ExecutiveClass,Aterrizado
140,Torres,Corbin,42000.00,BA2491A,ExecutiveClass,Aterrizado
141,Araya,Coreen,18000.00,IB0800A,EconomyClass,Aterrizado
142,Flores,Tanya,30000.00,IB0800A,EconomyClass,Aterrizado
143,Espinoza,Jenna,25000.00,IB0800A,EconomyClass,Aterrizado
144,Valenzuela,Flora,33000.00,IB0800A,EconomyClass,Aterrizado
145,Castillo,Dianna,20000.00,IB0800A,EconomyClass,Aterrizado
146,Tapia,Armand,15000.00,IB0800A,EconomyClass,Aterrizado
147,Reyes,Gustie,42000.00,IB0800A,EconomyClass,Aterrizado
148,Gutiérrez,Benton,12000.00,IB0800A,EconomyClass,Aterrizado
149,Castro,Lena,25000.00,IB0800A,EconomyClass,Aterrizado
150,Pizarro,Dot,18000.00,IB0800A,EconomyClass,Aterrizado
151,Álvarez,Meryl,12000.00,IB0800A,EconomyClass,Aterrizado
152,Vásquez,Babbie,15000.00,IB0800A,EconomyClass,Aterrizado
153,Sánchez,Byram,42000.00,IB0800A,EconomyClass,Aterrizado
154,Fernández,Bertine,25000.00,IB0800A,EconomyClass,Aterrizado
155,Ramírez,Osbert,42000.00,IB0800A,EconomyClass,Aterrizado
156,Carrasco,Tanny,42000.00,IB0800A,EconomyClass,Aterrizado
157,Gómez,Maryjo,12000.00,IB0800A,EconomyClass,Aterrizado
158,Cortés,Clarie,42000.00,IB0800A,EconomyClass,Aterrizado
159,Herrera,Kipp,15000.00,IB0800A,EconomyClass,Aterrizado
160,Núñez,Leonie,50000.00,IB0800A,EconomyClass,Aterrizado
161,Jara,Ferdie,15000.00,IB0800A,EconomyClass,Aterrizado
162,Vergara,Ofella,50000.00,IB0800A,EconomyClass,Aterrizado
163,Rivera,Pascale,15000.00,IB0800A,EconomyClass,Aterrizado
164,Figueroa,Cathrin,30000.00,IB0800A,EconomyClass,Aterrizado
165,Riquelme,Sib,33000.00,IB0800A,EconomyClass,Aterrizado
166,García,Darleen,42000.00,IB0800A,EconomyClass,Aterrizado
167,Miranda,Didi,15000.00,IB0800A,EconomyClass,Aterrizado
168,Bravo,Lodovico,18000.00,IB0800A,EconomyClass,Aterrizado
169,Vera,Farley,12000.00,IB0800A,EconomyClass,Aterrizado
170,Molina,Devi,25000.00,IB0800A,EconomyClass,Aterrizado
171,Vega,Clair,37000.00,IB0800A,EconomyClass,Aterrizado
172,Campos,Addy,33000.00,IB0800A,EconomyClass,Aterrizado
173,Sandoval,Brandon,18000.00,IB0800A,EconomyClass,Aterrizado
174,Orellana,Prentiss,30000.00,IB0800A,EconomyClass,Aterrizado
175,Cárdenas,Lorant,50000.00,MM0987B,ExecutiveClass,En Horario
176,Olivares,Wanids,30000.00,MM0987B,ExecutiveClass,En Horario
177,Alarcón,Robbi,10000.00,MM0987B,ExecutiveClass,En Horario
178,Gallardo,Mellicent,50000.00,MM0987B,ExecutiveClass,En Horario
179,Ortiz,Lynea,20000.00,MM0987B,ExecutiveClass,En Horario
180,Garrido,Nial,15000.00,MM0987B,ExecutiveClass,En Horario
181,Salazar,Guillaume,37000.00,MM0987B,ExecutiveClass,En Horario
182,Guzmán,Loutitia,25000.00,MM0987B,ExecutiveClass,En Horario
183,Henríquez,Ruthe,30000.00,MM0987B,ExecutiveClass,En Horario
184,Saavedra,Eric,50000.00,MM0987B,ExecutiveClass,En Horario
185,Navarro,Marcellus,30000.00,MM0987B,ExecutiveClass,En Horario
186,Aguilera,Ian,42000.00,MM0987B,ExecutiveClass,En Horario
187,Parra,Sebastien,37000.00,MM0987B,ExecutiveClass,En Horario
188,Romero,Scarface,50000.00,MM0987B,ExecutiveClass,En Horario
189,Aravena,Maible,18000.00,MM0987B,ExecutiveClass,En Horario
190,Vargas,Waldon,30000.00,MM0987B,ExecutiveClass,En Horario
191,Vázquez,Bethina,15000.00,MM0987B,ExecutiveClass,En Horario
192,Cáceres,Farand,42000.00,MM0987B,ExecutiveClass,En Horario
193,Yáñez,Zolly,25000.00,MM0987B,ExecutiveClass,En Horario
194,Leiva,Philipa,42000.00,TU6789B,FirstClass,Aterrizado
195,Escobar,Roderigo,20000.00,BA2491A,ExecutiveClass,Aterrizado
196,Ruiz,Otho,20000.00,BA2491A,ExecutiveClass,Aterrizado
197,Valdés,Alasteir,20000.00,BA2491A,ExecutiveClass,Aterrizado
198,Vidal,Eleonora,42000.00,BA2491A,EconomyClass,Aterrizado
199,Salinas,Eliot,12000.00,BA2491A,EconomyClass,Aterrizado
200,Zúñiga,Alana,30000.00,BA2491A,EconomyClass,Aterrizado
201,Peña,Odey,20000.00,BA2491A,EconomyClass,Aterrizado
202,Godoy,Yorke,15000.00,BA2491A,EconomyClass,Aterrizado
203,Lagos,Cissiee,18000.00,BA2491A,EconomyClass,Aterrizado
204,Maldonado,Jillana,18000.00,BA2491A,EconomyClass,Aterrizado
205,Bustos,Mallorie,30000.00,TU6789B,FirstClass,Aterrizado
206,Medina,Borden,12000.00,TU6789B,FirstClass,Aterrizado
207,Pino,Maddie,33000.00,TU6789B,FirstClass,Aterrizado
208,Palma,Weider,50000.00,TU6789B,FirstClass,Aterrizado
209,Moreno,Asia,37000.00,TU6789B,FirstClass,Aterrizado
210,Sanhueza,Sayres,10000.00,TU6789B,FirstClass,Aterrizado
211,Carvajal,Marcile,30000.00,TU6789B,FirstClass,Aterrizado
212,Navarrete,Thomasina,42000.00,TU6789B,FirstClass,Aterrizado
213,Sáez,Darwin,18000.00,TU6789B,FirstClass,Aterrizado
214,Alvarado,Nicolina,30000.00,TU6789B,FirstClass,Aterrizado
215,Donoso,Nita,12000.00,TU6789B,FirstClass,Aterrizado
216,Poblete,Nikoletta,12000.00,TU6789B,FirstClass,Aterrizado
217,Bustamante,Dwight,42000.00,TU6789B,FirstClass,Aterrizado
218,Toro,Romola,50000.00,TU6789B,FirstClass,Aterrizado
219,Ortega,Kaile,33000.00,TU6789B,FirstClass,Aterrizado
220,Venegas,Mozes,25000.00,TU6789B,FirstClass,Aterrizado
221,Guerrero,Aylmer,33000.00,TU6789B,FirstClass,Aterrizado
222,Mendoza,Marina,12000.00,TU6789B,FirstClass,Aterrizado
223,Farías,Enrico,50000.00,TU6789B,FirstClass,Aterrizado
224,San Martín,Zonda,33000.00,TU6789B,FirstClass,Aterrizado
225,González,Adriano,33000.00,TU6789B,FirstClass,Aterrizado
226,Fernández,Trula,30000.00,TU6789B,FirstClass,Aterrizado
227,Rodríguez,Adel,30000.00,TU6789B,FirstClass,Aterrizado
228,López,Jeniece,15000.00,TU6789B,FirstClass,Aterrizado
229,Martínez,Tabina,10000.00,TU6789B,FirstClass,Aterrizado
230,Sánchez,Liana,33000.00,TU6789B,FirstClass,Aterrizado
231,Pérez,Marmaduke,10000.00,BA2491A,EconomyClass,Aterrizado
232,Gómez,Alla,30000.00,BA2491A,EconomyClass,Aterrizado
233,Martín,Peter,12000.00,BA2491A,EconomyClass,Aterrizado
234,Jiménez,Pietro,18000.00,BA2491A,EconomyClass,Aterrizado
235,Ruiz,Hiram,20000.00,BA2491A,EconomyClass,Aterrizado
236,Hernández,Anastasia,18000.00,BA2491A,EconomyClass,Aterrizado
237,Díaz,Cathleen,10000.00,TU6789B,FirstClass,Aterrizado
238,Moreno,Leeanne,15000.00,TU6789B,FirstClass,Aterrizado
239,Álvarez,Chet,42000.00,TU6789B,FirstClass,Aterrizado
240,Muñoz,Billie,37000.00,TU6789B,FirstClass,Aterrizado
241,Romero,Alexandra,42000.00,TU6789B,FirstClass,Aterrizado
242,Alonso,Broddie,42000.00,TU6789B,ExecutiveClass,Aterrizado
243,Gutiérrez,Brigham,25000.00,TU6789B,ExecutiveClass,Aterrizado
244,Navarro,Cal,42000.00,TU6789B,ExecutiveClass,Aterrizado
245,Torres,Donal,18000.00,TU6789B,ExecutiveClass,Aterrizado
246,Domínguez,Adam,20000.00,TU6789B,ExecutiveClass,Aterrizado
247,Vázquez,Dotty,42000.00,TU6789B,ExecutiveClass,Aterrizado
248,Ramos,Maynard,18000.00,TU6789B,ExecutiveClass,Aterrizado
249,González,Jessee,30000.00,TU6789B,ExecutiveClass,Aterrizado
250,Muñoz,Tiphani,42000.00,TU6789B,ExecutiveClass,Aterrizado
251,Rojas,Jenna,30000.00,TU6789B,ExecutiveClass,Aterrizado
252,Díaz,Karlotte,20000.00,BA2491A,EconomyClass,Aterrizado
253,Pérez,Norene,25000.00,BA2491A,EconomyClass,Aterrizado
254,Soto,Morris,10000.00,BA2491A,EconomyClass,Aterrizado
255,Contreras,Yuri,25000.00,BA2491A,EconomyClass,Aterrizado
256,Silva,Gusty,10000.00,BA2491A,EconomyClass,Aterrizado
257,Martínez,Jori,12000.00,BA2491A,EconomyClass,Aterrizado
258,Sepúlveda,Sydelle,30000.00,BA2491A,EconomyClass,Aterrizado
259,Morales,Merrile,50000.00,BA2491A,EconomyClass,Aterrizado
260,Rodríguez,Tadd,50000.00,TU6789B,ExecutiveClass,Aterrizado
261,López,Josiah,10000.00,TU6789B,ExecutiveClass,Aterrizado
262,Fuentes,Melisa,12000.00,TU6789B,ExecutiveClass,Aterrizado
263,Hernández,Orelee,20000.00,TU6789B,ExecutiveClass,Aterrizado
264,Torres,Stephen,37000.00,TU6789B,ExecutiveClass,Aterrizado
265,Araya,Blair,50000.00,TU6789B,ExecutiveClass,Aterrizado
266,Flores,Arel,30000.00,TU6789B,ExecutiveClass,Aterrizado
267,Espinoza,Abbie,25000.00,TU6789B,ExecutiveClass,Aterrizado
268,Valenzuela,Channa,50000.00,TU6789B,ExecutiveClass,Aterrizado
269,Castillo,Shirl,20000.00,TU6789B,ExecutiveClass,Aterrizado
270,Tapia,Edlin,20000.00,TU6789B,ExecutiveClass,Aterrizado
271,Reyes,Larina,18000.00,TU6789B,ExecutiveClass,Aterrizado
272,Gutiérrez,Duncan,37000.00,TU6789B,ExecutiveClass,Aterrizado
273,Castro,Bond,10000.00,TU6789B,ExecutiveClass,Aterrizado
274,Pizarro,Dyann,50000.00,TU6789B,ExecutiveClass,Aterrizado
275,Álvarez,Charmian,15000.00,TU6789B,ExecutiveClass,Aterrizado
276,Vásquez,Dru,50000.00,TU6789B,ExecutiveClass,Aterrizado
277,Sánchez,Kiel,50000.00,TU6789B,ExecutiveClass,Aterrizado
278,Fernández,Emory,15000.00,TU6789B,ExecutiveClass,Aterrizado
279,Ramírez,Alberik,50000.00,TU6789B,ExecutiveClass,Aterrizado
280,Carrasco,Koenraad,20000.00,TU6789B,ExecutiveClass,Aterrizado
281,Gómez,Rafaellle,50000.00,TU6789B,ExecutiveClass,Aterrizado
282,Cortés,Edie,25000.00,TU6789B,ExecutiveClass,Aterrizado
283,Herrera,Osbert,15000.00,TU6789B,ExecutiveClass,Aterrizado
284,Núñez,Sidonia,10000.00,TU6789B,ExecutiveClass,Aterrizado
285,Jara,Bartel,37000.00,TU6789B,ExecutiveClass,Aterrizado
286,Vergara,Jodi,30000.00,BA2491A,EconomyClass,Aterrizado
287,Rivera,Ofelia,30000.00,BA2491A,EconomyClass,Aterrizado
288,Figueroa,Dudley,42000.00,BA2491A,EconomyClass,Aterrizado
289,Riquelme,Dulcea,25000.00,BA2491A,EconomyClass,Aterrizado
290,García,Gordon,25000.00,BA2491A,EconomyClass,Aterrizado
291,Miranda,Chalmers,10000.00,BA2491A,EconomyClass,Aterrizado
292,Bravo,Christiano,50000.00,BA2491A,EconomyClass,Aterrizado
293,Vera,Russell,50000.00,BA2491A,EconomyClass,Aterrizado
294,Molina,Cleo,50000.00,BA2491A,EconomyClass,Aterrizado
295,Vega,Catriona,42000.00,TU6789B,ExecutiveClass,Aterrizado
296,Campos,Leigh,37000.00,TU6789B,ExecutiveClass,Aterrizado
297,Sandoval,Ddene,12000.00,TU6789B,ExecutiveClass,Aterrizado
298,Orellana,Sayre,18000.00,TU6789B,EconomyClass,Aterrizado
299,Cárdenas,Jody,33000.00,TU6789B,EconomyClass,Aterrizado
300,Olivares,Zabrina,12000.00,TU6789B,EconomyClass,Aterrizado
301,Alarcón,Cos,30000.00,TU6789B,EconomyClass,Aterrizado
302,Gallardo,Ron,20000.00,TU6789B,EconomyClass,Aterrizado
303,Ortiz,Charin,12000.00,TU6789B,EconomyClass,Aterrizado
304,Garrido,Coleman,33000.00,TU6789B,EconomyClass,Aterrizado
305,Salazar,Jacinda,50000.00,TU6789B,EconomyClass,Aterrizado
306,Guzmán,Silvan,12000.00,TU6789B,EconomyClass,Aterrizado
307,Henríquez,Renie,33000.00,TU6789B,EconomyClass,Aterrizado
308,Saavedra,Davide,42000.00,TU6789B,EconomyClass,Aterrizado
309,Navarro,Ernestus,12000.00,TU6789B,EconomyClass,Aterrizado
310,Aguilera,Brnaba,37000.00,TU6789B,EconomyClass,Aterrizado
311,Parra,Tabor,37000.00,TU6789B,EconomyClass,Aterrizado
312,Romero,Lenci,42000.00,TU6789B,EconomyClass,Aterrizado
313,Aravena,Franchot,12000.00,TU6789B,EconomyClass,Aterrizado
314,Vargas,Charisse,50000.00,TU6789B,EconomyClass,Aterrizado
315,Vázquez,Timothea,20000.00,TU6789B,EconomyClass,Aterrizado
316,Cáceres,Angelika,50000.00,BA2491A,EconomyClass,Aterrizado
317,Yáñez,Web,37000.00,BA2491A,EconomyClass,Aterrizado
318,Leiva,Urban,10000.00,BA2491A,EconomyClass,Aterrizado
319,Escobar,Fan,18000.00,BA2491A,EconomyClass,Aterrizado
320,Ruiz,Donaugh,12000.00,BA2491A,EconomyClass,Aterrizado
321,Valdés,Wilona,25000.00,BA2491A,EconomyClass,Aterrizado
322,Vidal,Richard,42000.00,BA2491A,EconomyClass,Aterrizado
323,Salinas,Hilary,37000.00,BA2491A,EconomyClass,Aterrizado
324,Zúñiga,Ad,33000.00,BA2491A,EconomyClass,Aterrizado
325,Peña,Maynord,42000.00,BA2491A,EconomyClass,Aterrizado
326,Godoy,Lina,12000.00,TU6789B,EconomyClass,Aterrizado
327,Lagos,Nerty,20000.00,TU6789B,EconomyClass,Aterrizado
328,Maldonado,Matias,33000.00,TU6789B,EconomyClass,Aterrizado
329,Bustos,Urbano,50000.00,TU6789B,EconomyClass,Aterrizado
330,Medina,Rosemarie,33000.00,TU6789B,EconomyClass,Aterrizado
331,Pino,Booth,15000.00,TU6789B,EconomyClass,Aterrizado
332,Palma,Eden,18000.00,TU6789B,EconomyClass,Aterrizado
333,Moreno,Cornie,15000.00,TU6789B,EconomyClass,Aterrizado
334,Sanhueza,Isak,20000.00,TU6789B,EconomyClass,Aterrizado
335,Carvajal,Rand,20000.00,TU6789B,EconomyClass,Aterrizado
336,Navarrete,Dominique,37000.00,TU6789B,EconomyClass,Aterrizado
337,Sáez,Lira,30000.00,TU6789B,EconomyClass,Aterrizado
338,Alvarado,Filbert,20000.00,TU6789B,EconomyClass,Aterrizado
339,Donoso,Nona,30000.00,TU6789B,EconomyClass,Aterrizado
340,Poblete,Melloney,33000.00,TU6789B,EconomyClass,Aterrizado
341,Bustamante,Rafaello,37000.00,TU6789B,EconomyClass,Aterrizado
342,Toro,Floria,12000.00,TU6789B,EconomyClass,Aterrizado
343,Ortega,Johannes,18000.00,TU6789B,EconomyClass,Aterrizado
344,Venegas,Genevra,10000.00,TU6789B,EconomyClass,Aterrizado
345,Guerrero,Aldric,50000.00,TU6789B,EconomyClass,Aterrizado
346,Mendoza,Janeta,10000.00,TU6789B,EconomyClass,Aterrizado
347,Farías,Tarra,12000.00,TU6789B,EconomyClass,Aterrizado
348,San Martín,Jefferey,33000.00,TU6789B,EconomyClass,Aterrizado
349,González,Cassie,50000.00,TU6789B,EconomyClass,Aterrizado
350,Fernández,Maiga,20000.00,TU6789B,EconomyClass,Aterrizado
351,Rodríguez,Heddi,20000.00,TU6789B,EconomyClass,Aterrizado
352,López,Marieann,50000.00,TU6789B,EconomyClass,Aterrizado
353,Martínez,Carita,42000.00,TU6789B,EconomyClass,Aterrizado
354,Sánchez,Kurtis,50000.00,TU6789B,EconomyClass,Aterrizado
355,Pérez,Wilfred,20000.00,TU6789B,EconomyClass,Aterrizado
356,Gómez,Isabelle,20000.00,TU6789B,EconomyClass,Aterrizado
357,Martín,Nisse,37000.00,TU6789B,EconomyClass,Aterrizado
358,Jiménez,Ula,50000.00,TU6789B,EconomyClass,Aterrizado
359,Ruiz,Tully,18000.00,TU6789B,EconomyClass,Aterrizado
360,Hernández,Honor,30000.00,TU6789B,EconomyClass,Aterrizado
361,Díaz,Sinclair,50000.00,TU6789B,EconomyClass,Aterrizado
362,Moreno,Buddy,50000.00,TU6789B,EconomyClass,Aterrizado
363,Álvarez,Neilla,50000.00,TU6789B,EconomyClass,Aterrizado
364,Muñoz,Junie,20000.00,TU6789B,EconomyClass,Aterrizado
365,Romero,Neely,20000.00,TU6789B,EconomyClass,Aterrizado
366,Alonso,Klarrisa,18000.00,TU6789B,EconomyClass,Aterrizado
367,Gutiérrez,Maryellen,37000.00,TU6789B,EconomyClass,Aterrizado
368,Navarro,Clywd,33000.00,TU6789B,EconomyClass,Aterrizado
369,Torres,Deni,42000.00,TU6789B,EconomyClass,Aterrizado
370,Domínguez,Ingrim,30000.00,TU6789B,EconomyClass,Aterrizado
371,Vázquez,Franni,42000.00,TU6789B,EconomyClass,Aterrizado
372,Ramos,Andy,37000.00,TU6789B,EconomyClass,Aterrizado
373,González,Veronica,42000.00,TU6789B,EconomyClass,Aterrizado
374,Muñoz,Dalis,42000.00,TU6789B,EconomyClass,Aterrizado
375,Rojas,Nanni,25000.00,BA2491A,EconomyClass,Aterrizado
376,Díaz,Vikky,15000.00,BA2491A,EconomyClass,Aterrizado
377,Pérez,Hussein,25000.00,BA2491A,EconomyClass,Aterrizado
378,Soto,Brigg,10000.00,BA2491A,EconomyClass,Aterrizado
379,Contreras,Crawford,12000.00,BA2491A,EconomyClass,Aterrizado
380,Silva,Fran,30000.00,BA2491A,EconomyClass,Aterrizado
381,Martínez,Silas,15000.00,BA2491A,EconomyClass,Aterrizado
382,Sepúlveda,Alister,33000.00,BA2491A,EconomyClass,Aterrizado
383,Morales,George,15000.00,TU6789B,EconomyClass,Aterrizado
384,Rodríguez,Nonnah,25000.00,TU6789B,EconomyClass,Aterrizado
385,López,Gayel,20000.00,TU6789B,EconomyClass,Aterrizado
386,Fuentes,Demeter,10000.00,TU6789B,EconomyClass,Aterrizado
387,Hernández,Juliann,50000.00,TU6789B,EconomyClass,Aterrizado
388,Torres,Shauna,25000.00,TU6789B,EconomyClass,Aterrizado
389,Araya,Anna-maria,42000.00,TU6789B,EconomyClass,Aterrizado
390,Flores,Ag,50000.00,TU6789B,EconomyClass,Aterrizado
391,Espinoza,Sherwin,50000.00,MM0987B,ExecutiveClass,En Horario
392,Valenzuela,Vikki,33000.00,MM0987B,ExecutiveClass,En Horario
393,Castillo,Barret,10000.00,MM0987B,ExecutiveClass,En Horario
394,Tapia,Gaelan,25000.00,MM0987B,ExecutiveClass,En Horario
395,Reyes,Livy,20000.00,MM0987B,ExecutiveClass,En Horario
396,Gutiérrez,Iorgos,18000.00,MM0987B,ExecutiveClass,En Horario
397,Castro,Charil,33000.00,MM0987B,ExecutiveClass,En Horario
398,Pizarro,Easter,30000.00,MM0987B,ExecutiveClass,En Horario
399,Álvarez,Esdras,37000.00,MM0987B,ExecutiveClass,En Horario
400,Vásquez,Prince,25000.00,MM0987B,EconomyClass,En Horario
401,Sánchez,Vail,33000.00,MM0987B,EconomyClass,En Horario
402,Fernández,Rachel,12000.00,MM0987B,EconomyClass,En Horario
403,Ramírez,Bar,20000.00,TU6789B,EconomyClass,Aterrizado
404,Carrasco,Willa,30000.00,TU6789B,EconomyClass,Aterrizado
405,Gómez,Amerigo,33000.00,TU6789B,EconomyClass,Aterrizado
406,Cortés,Fredric,50000.00,TU6789B,EconomyClass,Aterrizado
407,Herrera,Mikael,50000.00,TU6789B,EconomyClass,Aterrizado
408,Núñez,Benson,20000.00,TU6789B,EconomyClass,Aterrizado
409,Jara,Sileas,20000.00,TU6789B,EconomyClass,Aterrizado
410,Vergara,Fidelia,12000.00,TU6789B,EconomyClass,Aterrizado
411,Rivera,Frayda,30000.00,TU6789B,EconomyClass,Aterrizado
412,Figueroa,Babita,30000.00,TU6789B,EconomyClass,Aterrizado
413,Riquelme,Clair,42000.00,TU6789B,EconomyClass,Aterrizado
414,García,Morie,12000.00,TU6789B,EconomyClass,Aterrizado
415,Miranda,Skylar,20000.00,TU6789B,EconomyClass,Aterrizado
416,Bravo,Dennie,42000.00,TU6789B,EconomyClass,Aterrizado
417,Vera,Sibley,20000.00,TU6789B,EconomyClass,Aterrizado
418,Molina,Addia,20000.00,TU6789B,EconomyClass,Aterrizado
419,Vega,Ed,18000.00,TU6789B,EconomyClass,Aterrizado
420,Campos,Lothaire,12000.00,TU6789B,EconomyClass,Aterrizado
421,Sandoval,Neila,15000.00,TU6789B,EconomyClass,Aterrizado
422,Orellana,Jennifer,15000.00,GU2345F,FirstClass,En Vuelo
423,Cárdenas,Keelby,15000.00,GU2345F,FirstClass,En Vuelo
424,Olivares,Chuck,33000.00,GU2345F,FirstClass,En Vuelo
425,Alarcón,Jordan,33000.00,GU2345F,FirstClass,En Vuelo
426,Gallardo,Minnnie,20000.00,GU2345F,FirstClass,En Vuelo
427,Ortiz,Carine,33000.00,GU2345F,FirstClass,En Vuelo
428,Garrido,Kelly,37000.00,GU2345F,FirstClass,En Vuelo
429,Salazar,Coleman,25000.00,GU2345F,FirstClass,En Vuelo
430,Guzmán,Pincus,42000.00,GU2345F,FirstClass,En Vuelo
431,Henríquez,Smitty,15000.00,GU2345F,FirstClass,En Vuelo
432,Saavedra,Wade,12000.00,GU2345F,FirstClass,En Vuelo
433,Navarro,Emmit,12000.00,GU2345F,FirstClass,En Vuelo
434,Aguilera,Brietta,42000.00,GU2345F,FirstClass,En Vuelo
435,Parra,Wesley,10000.00,GU2345F,FirstClass,En Vuelo
436,Romero,Felicdad,18000.00,GU2345F,FirstClass,En Vuelo
437,Aravena,Any,18000.00,GU2345F,FirstClass,En Vuelo
438,Vargas,Gardie,12000.00,GU2345F,FirstClass,En Vuelo
439,Vázquez,Leelah,25000.00,GU2345F,FirstClass,En Vuelo
440,Cáceres,Garold,20000.00,GU2345F,FirstClass,En Vuelo
441,Yáñez,Regine,10000.00,GU2345F,FirstClass,En Vuelo
442,Leiva,Tam,20000.00,GU2345F,ExecutiveClass,En Vuelo
443,Escobar,Davon,20000.00,GU2345F,ExecutiveClass,En Vuelo
444,Ruiz,Chrissy,18000.00,GU2345F,ExecutiveClass,En Vuelo
445,Valdés,Ozzie,20000.00,GU2345F,ExecutiveClass,En Vuelo
446,Vidal,Rina,20000.00,GU2345F,ExecutiveClass,En Vuelo
447,Salinas,Guy,42000.00,GU2345F,ExecutiveClass,En Vuelo
448,Zúñiga,Lenora,18000.00,GU2345F,ExecutiveClass,En Vuelo
449,Peña,Julietta,42000.00,GU2345F,ExecutiveClass,En Vuelo
450,Godoy,Alexandr,18000.00,GU2345F,ExecutiveClass,En Vuelo
451,Lagos,Margalit,15000.00,GU2345F,ExecutiveClass,En Vuelo
452,Maldonado,Samara,50000.00,GU2345F,ExecutiveClass,En Vuelo
453,Bustos,Portie,15000.00,GU2345F,ExecutiveClass,En Vuelo
454,Medina,Korella,33000.00,GU2345F,ExecutiveClass,En Vuelo
455,Pino,Hilly,30000.00,GU2345F,ExecutiveClass,En Vuelo
456,Palma,Leeanne,10000.00,GU2345F,ExecutiveClass,En Vuelo
457,Moreno,Arnaldo,10000.00,GU2345F,ExecutiveClass,En Vuelo
458,Sanhueza,Kassi,37000.00,GU2345F,ExecutiveClass,En Vuelo
459,Carvajal,Karen,20000.00,GU2345F,ExecutiveClass,En Vuelo
460,Navarrete,Mac,20000.00,GU2345F,ExecutiveClass,En Vuelo
461,Sáez,Anthia,37000.00,GU2345F,ExecutiveClass,En Vuelo
462,Alvarado,Marsiella,20000.00,GU2345F,ExecutiveClass,En Vuelo
463,Donoso,Shea,12000.00,GU2345F,ExecutiveClass,En Vuelo
464,Poblete,Liana,15000.00,GU2345F,ExecutiveClass,En Vuelo
465,Bustamante,Carley,12000.00,GU2345F,ExecutiveClass,En Vuelo
466,Toro,Carlye,37000.00,GU2345F,ExecutiveClass,En Vuelo
467,Ortega,Svend,25000.00,GU2345F,ExecutiveClass,En Vuelo
468,Venegas,Kendell,25000.00,GU2345F,ExecutiveClass,En Vuelo
469,Guerrero,Chrisy,15000.00,GU2345F,ExecutiveClass,En Vuelo
470,Mendoza,Rod,50000.00,GU2345F,ExecutiveClass,En Vuelo
471,Farías,Ramsay,20000.00,GU2345F,ExecutiveClass,En Vuelo
472,San Martín,Saidee,50000.00,GU2345F,ExecutiveClass,En Vuelo
473,González,Erek,10000.00,GU2345F,ExecutiveClass,En Vuelo
474,Fernández,Salomi,10000.00,GU2345F,ExecutiveClass,En Vuelo
475,Rodríguez,Coletta,50000.00,GU2345F,ExecutiveClass,En Vuelo
476,López,Abigael,12000.00,GU2345F,ExecutiveClass,En Vuelo
477,Martínez,Mariele,33000.00,GU2345F,EconomyClass,En Vuelo
478,Sánchez,Brooke,20000.00,GU2345F,EconomyClass,En Vuelo
479,Pérez,Benita,25000.00,GU2345F,EconomyClass,En Vuelo
480,Gómez,Marissa,37000.00,GU2345F,EconomyClass,En Vuelo
481,Martín,Lionello,37000.00,GU2345F,EconomyClass,En Vuelo
482,Jiménez,Tori,42000.00,GU2345F,EconomyClass,En Vuelo
483,Ruiz,Micheil,37000.00,GU2345F,EconomyClass,En Vuelo
484,Hernández,Kym,20000.00,GU2345F,EconomyClass,En Vuelo
485,Díaz,Melisse,10000.00,GU2345F,EconomyClass,En Vuelo
486,Moreno,Bartholomew,33000.00,GU2345F,EconomyClass,En Vuelo
487,Álvarez,Rorie,25000.00,GU2345F,EconomyClass,En Vuelo
488,Muñoz,Hedvige,37000.00,GU2345F,EconomyClass,En Vuelo
489,Romero,Dorothea,15000.00,GU2345F,EconomyClass,En Vuelo
490,Alonso,Tamarah,50000.00,GU2345F,EconomyClass,En Vuelo
491,Gutiérrez,Skipton,10000.00,GU2345F,EconomyClass,En Vuelo
492,Navarro,Minny,33000.00,GU2345F,EconomyClass,En Vuelo
493,Torres,Joshia,33000.00,GU2345F,EconomyClass,En Vuelo
494,Domínguez,Mirilla,30000.00,GU2345F,EconomyClass,En Vuelo
495,Vázquez,Willey,15000.00,GU2345F,EconomyClass,En Vuelo
496,Ramos,Conrado,50000.00,GU2345F,EconomyClass,En Vuelo
497,González,Fredia,30000.00,GU2345F,EconomyClass,En Vuelo
498,Muñoz,Gretchen,12000.00,GU2345F,EconomyClass,En Vuelo
499,Rojas,Bibbie,37000.00,GU2345F,EconomyClass,En Vuelo
500,Díaz,Warren,25000.00,GU2345F,EconomyClass,En Vuelo
501,Pérez,Gabi,30000.00,GU2345F,EconomyClass,En Vuelo
502,Soto,Callie,50000.00,GU2345F,EconomyClass,En Vuelo
503,Contreras,Patton,15000.00,GU2345F,EconomyClass,En Vuelo
504,Silva,Karie,25000.00,GU2345F,EconomyClass,En Vuelo
505,Martínez,Martguerita,50000.00,GU2345F,EconomyClass,En Vuelo
506,Sepúlveda,Lothaire,20000.00,GU2345F,EconomyClass,En Vuelo
507,Morales,Patrice,37000.00,GU2345F,EconomyClass,En Vuelo
508,Rodríguez,Lin,12000.00,MM0987B,EconomyClass,En Horario
509,López,Cornie,42000.00,MM0987B,EconomyClass,En Horario
510,Fuentes,Irena,20000.00,MM0987B,EconomyClass,En Horario
511,Hernández,Markos,20000.00,MM0987B,EconomyClass,En Horario
512,Torres,Bird,18000.00,MM0987B,EconomyClass,En Horario
513,Araya,Lorna,42000.00,MM0987B,EconomyClass,En Horario
514,Flores,Vincents,25000.00,MM0987B,EconomyClass,En Horario
515,Espinoza,Torrey,42000.00,GU2345F,EconomyClass,En Vuelo
516,Valenzuela,Pernell,50000.00,GU2345F,EconomyClass,En Vuelo
517,Castillo,Danya,25000.00,GU2345F,EconomyClass,En Vuelo
518,Tapia,Erda,37000.00,GU2345F,EconomyClass,En Vuelo
519,Reyes,Ethe,20000.00,GU2345F,EconomyClass,En Vuelo
520,Gutiérrez,Coop,37000.00,GU2345F,EconomyClass,En Vuelo
521,Castro,Sheridan,50000.00,GU2345F,EconomyClass,En Vuelo
522,Pizarro,Charles,42000.00,GU2345F,EconomyClass,En Vuelo
523,Álvarez,Eddy,12000.00,GU2345F,EconomyClass,En Vuelo
524,Vásquez,Janey,42000.00,GU2345F,EconomyClass,En Vuelo
525,Sánchez,Edan,20000.00,GU2345F,EconomyClass,En Vuelo
526,Fernández,Homer,10000.00,GU2345F,EconomyClass,En Vuelo
527,Ramírez,Eveline,37000.00,GU2345F,EconomyClass,En Vuelo
528,Carrasco,Helen-elizabeth,20000.00,GU2345F,EconomyClass,En Vuelo
529,Gómez,Daveta,20000.00,GU2345F,EconomyClass,En Vuelo
530,Cortés,Mort,42000.00,GU2345F,EconomyClass,En Vuelo
531,Herrera,Maxi,37000.00,GU2345F,EconomyClass,En Vuelo
532,Núñez,Nathalie,37000.00,GU2345F,EconomyClass,En Vuelo
533,Jara,Dennison,25000.00,GU2345F,EconomyClass,En Vuelo
534,Vergara,Bunnie,33000.00,GU2345F,EconomyClass,En Vuelo
535,Rivera,Frans,33000.00,BA2491A,EconomyClass,Aterrizado
536,Figueroa,Delmar,42000.00,BA2491A,EconomyClass,Aterrizado
537,Riquelme,Ced,20000.00,BA2491A,EconomyClass,Aterrizado
538,García,Caren,12000.00,BA2491A,EconomyClass,Aterrizado
539,Miranda,Christie,18000.00,BA2491A,EconomyClass,Aterrizado
540,Bravo,Saunders,25000.00,BA2491A,EconomyClass,Aterrizado
541,Vera,Deny,18000.00,GU2345F,EconomyClass,En Vuelo
542,Molina,Gene,15000.00,GU2345F,EconomyClass,En Vuelo
543,Vega,Margeaux,18000.00,GU2345F,EconomyClass,En Vuelo
544,Campos,Prisca,18000.00,GU2345F,EconomyClass,En Vuelo
545,Sandoval,Domini,18000.00,GU2345F,EconomyClass,En Vuelo
546,Orellana,Henrie,50000.00,GU2345F,EconomyClass,En Vuelo
547,Cárdenas,Marj,18000.00,GU2345F,EconomyClass,En Vuelo
548,Olivares,Mab,25000.00,GU2345F,EconomyClass,En Vuelo
549,Alarcón,Josiah,12000.00,GU2345F,EconomyClass,En Vuelo
550,Gallardo,Mathe,12000.00,GU2345F,EconomyClass,En Vuelo
551,Ortiz,Gauthier,12000.00,GU2345F,EconomyClass,En Vuelo
552,Garrido,Delmore,33000.00,GU2345F,EconomyClass,En Vuelo
553,Salazar,Lynett,37000.00,GU2345F,EconomyClass,En Vuelo
554,Guzmán,Lucais,42000.00,GU2345F,EconomyClass,En Vuelo
555,Henríquez,Clarice,33000.00,GU2345F,EconomyClass,En Vuelo
556,Saavedra,Aeriela,37000.00,GU2345F,EconomyClass,En Vuelo
557,Navarro,Babbie,15000.00,GU2345F,EconomyClass,En Vuelo
558,Aguilera,Caren,15000.00,GU2345F,EconomyClass,En Vuelo
559,Parra,Jessamine,18000.00,GU2345F,EconomyClass,En Vuelo
560,Romero,Hesther,15000.00,GU2345F,EconomyClass,En Vuelo
561,Aravena,Sasha,15000.00,GU2345F,EconomyClass,En Vuelo
562,Vargas,Erica,10000.00,GU2345F,EconomyClass,En Vuelo
563,Vázquez,Keith,10000.00,GU2345F,EconomyClass,En Vuelo
564,Cáceres,Briney,12000.00,GU2345F,EconomyClass,En Vuelo
565,Yáñez,Rutherford,15000.00,GU2345F,EconomyClass,En Vuelo
566,Leiva,Lemmie,18000.00,GU2345F,EconomyClass,En Vuelo
567,Escobar,Dur,25000.00,GU2345F,EconomyClass,En Vuelo
568,Ruiz,Modesta,33000.00,GU2345F,EconomyClass,En Vuelo
569,Valdés,Carter,33000.00,GU2345F,EconomyClass,En Vuelo
570,Vidal,Retha,15000.00,GU2345F,EconomyClass,En Vuelo
571,Salinas,Carma,33000.00,GU2345F,EconomyClass,En Vuelo
572,Zúñiga,Antonella,15000.00,GU2345F,EconomyClass,En Vuelo
573,Peña,Sutherlan,10000.00,GU2345F,EconomyClass,En Vuelo
574,Godoy,Phillipe,37000.00,GU2345F,EconomyClass,En Vuelo
575,Lagos,Florida,37000.00,HY4567D,FirstClass,Demorado
576,Maldonado,Corrina,15000.00,HY4567D,FirstClass,Demorado
577,Bustos,Adrianne,10000.00,HY4567D,FirstClass,Demorado
578,Medina,Scarlett,20000.00,HY4567D,FirstClass,Demorado
579,Pino,Shel,25000.00,HY4567D,FirstClass,Demorado
580,Palma,Delaney,50000.00,HY4567D,FirstClass,Demorado
581,Moreno,Tiphani,33000.00,HY4567D,FirstClass,Demorado
582,Sanhueza,Grier,42000.00,HY4567D,FirstClass,Demorado
583,Carvajal,Annabell,15000.00,HY4567D,FirstClass,Demorado
584,Navarrete,Basil,12000.00,HY4567D,FirstClass,Demorado
585,Sáez,Horatius,18000.00,HY4567D,FirstClass,Demorado
586,Alvarado,Umeko,30000.00,HY4567D,FirstClass,Demorado
587,Donoso,Hayes,10000.00,HY4567D,FirstClass,Demorado
588,Poblete,Lynnette,37000.00,HY4567D,FirstClass,Demorado
589,Bustamante,Hesther,33000.00,HY4567D,FirstClass,Demorado
590,Toro,Trumaine,15000.00,HY4567D,FirstClass,Demorado
591,Ortega,Emlyn,50000.00,HY4567D,FirstClass,Demorado
592,Venegas,Corabelle,37000.00,HY4567D,FirstClass,Demorado
593,Guerrero,Vic,25000.00,HY4567D,FirstClass,Demorado
594,Mendoza,Cyndia,33000.00,HY4567D,FirstClass,Demorado
595,Farías,Gray,42000.00,HY4567D,FirstClass,Demorado
596,San Martín,Dylan,30000.00,HY4567D,FirstClass,Demorado
597,González,Isabelle,20000.00,HY4567D,FirstClass,Demorado
598,Fernández,Eachelle,37000.00,HY4567D,FirstClass,Demorado
599,Rodríguez,Howard,18000.00,HY4567D,FirstClass,Demorado
600,López,Cornall,18000.00,HY4567D,FirstClass,Demorado
601,Martínez,Emmalee,18000.00,HY4567D,FirstClass,Demorado
602,Sánchez,Brian,20000.00,HY4567D,FirstClass,Demorado
603,Pérez,Cahra,50000.00,HY4567D,ExecutiveClass,Demorado
604,Gómez,Arvin,50000.00,HY4567D,ExecutiveClass,Demorado
605,Martín,Minda,15000.00,HY4567D,ExecutiveClass,Demorado
606,Jiménez,Dedie,33000.00,HY4567D,ExecutiveClass,Demorado
607,Ruiz,Lydia,15000.00,HY4567D,ExecutiveClass,Demorado
608,Hernández,Joshia,25000.00,HY4567D,ExecutiveClass,Demorado
609,Díaz,Bernita,15000.00,HY4567D,ExecutiveClass,Demorado
610,Moreno,Sayre,33000.00,HY4567D,ExecutiveClass,Demorado
611,Álvarez,Pearla,20000.00,HY4567D,ExecutiveClass,Demorado
612,Muñoz,Fidole,30000.00,HY4567D,ExecutiveClass,Demorado
613,Romero,Evin,12000.00,HY4567D,ExecutiveClass,Demorado
614,Alonso,Fredia,20000.00,HY4567D,ExecutiveClass,Demorado
615,Gutiérrez,Idalina,50000.00,HY4567D,ExecutiveClass,Demorado
616,Navarro,Hetti,30000.00,HY4567D,ExecutiveClass,Demorado
617,Torres,Kirk,30000.00,HY4567D,ExecutiveClass,Demorado
618,Domínguez,Orson,25000.00,HY4567D,ExecutiveClass,Demorado
619,Vázquez,Lyndsay,42000.00,HY4567D,ExecutiveClass,Demorado
620,Ramos,Lissy,37000.00,HY4567D,ExecutiveClass,Demorado
621,González,Odessa,50000.00,HY4567D,ExecutiveClass,Demorado
622,Muñoz,Hestia,18000.00,HY4567D,ExecutiveClass,Demorado
623,Rojas,Dorotea,10000.00,HY4567D,ExecutiveClass,Demorado
624,Díaz,Giraud,15000.00,HY4567D,ExecutiveClass,Demorado
625,Pérez,Tonya,37000.00,HY4567D,ExecutiveClass,Demorado
626,Soto,Menard,37000.00,HY4567D,ExecutiveClass,Demorado
627,Contreras,Nicola,12000.00,HY4567D,ExecutiveClass,Demorado
628,Silva,Maddy,25000.00,HY4567D,ExecutiveClass,Demorado
629,Martínez,Mace,18000.00,HY4567D,ExecutiveClass,Demorado
630,Sepúlveda,Lyndy,37000.00,HY4567D,ExecutiveClass,Demorado
631,Morales,Ivonne,20000.00,HY4567D,ExecutiveClass,Demorado
632,Rodríguez,Josepha,20000.00,HY4567D,EconomyClass,Demorado
633,López,Shandra,50000.00,HY4567D,EconomyClass,Demorado
634,Fuentes,Viva,25000.00,HY4567D,EconomyClass,Demorado
635,Hernández,Sherwin,10000.00,HY4567D,EconomyClass,Demorado
636,Torres,Abigail,18000.00,HY4567D,EconomyClass,Demorado
637,Araya,Rosalia,18000.00,HY4567D,EconomyClass,Demorado
638,Flores,Merissa,25000.00,HY4567D,EconomyClass,Demorado
639,Espinoza,Marylee,50000.00,HY4567D,EconomyClass,Demorado
640,Valenzuela,Wolfy,33000.00,HY4567D,EconomyClass,Demorado
641,Castillo,Maia,10000.00,HY4567D,EconomyClass,Demorado
642,Tapia,Elinor,33000.00,HY4567D,EconomyClass,Demorado
643,Reyes,Neron,42000.00,HY4567D,EconomyClass,Demorado
644,Gutiérrez,Malachi,25000.00,HY4567D,EconomyClass,Demorado
645,Castro,Sarajane,10000.00,HY4567D,EconomyClass,Demorado
646,Pizarro,Arlie,42000.00,HY4567D,EconomyClass,Demorado
647,Álvarez,Felike,12000.00,HY4567D,EconomyClass,Demorado
648,Vásquez,Ethan,12000.00,HY4567D,EconomyClass,Demorado
649,Sánchez,Ruthy,20000.00,HY4567D,EconomyClass,Demorado
650,Fernández,Hugo,30000.00,HY4567D,EconomyClass,Demorado
651,Ramírez,Thorndike,10000.00,HY4567D,EconomyClass,Demorado
652,Carrasco,Cesaro,30000.00,HY4567D,EconomyClass,Demorado
653,Gómez,Harmonia,12000.00,HY4567D,EconomyClass,Demorado
654,Cortés,Damara,12000.00,HY4567D,EconomyClass,Demorado
655,Herrera,Maddy,25000.00,HY4567D,EconomyClass,Demorado
656,Núñez,Filmer,50000.00,HY4567D,EconomyClass,Demorado
657,Jara,Boothe,12000.00,HY4567D,EconomyClass,Demorado
658,Vergara,Dorrie,42000.00,HY4567D,EconomyClass,Demorado
659,Rivera,Willdon,10000.00,HY4567D,EconomyClass,Demorado
660,Figueroa,Cindi,12000.00,HY4567D,EconomyClass,Demorado
661,Riquelme,Shermie,12000.00,HY4567D,EconomyClass,Demorado
662,García,Byrom,42000.00,HY4567D,EconomyClass,Demorado
663,Miranda,Millie,15000.00,HY4567D,EconomyClass,Demorado
664,Bravo,Natassia,42000.00,HY4567D,EconomyClass,Demorado
665,Vera,Wheeler,25000.00,HY4567D,EconomyClass,Demorado
666,Molina,Caritta,12000.00,HY4567D,EconomyClass,Demorado
667,Vega,Kennan,12000.00,HY4567D,EconomyClass,Demorado
668,Campos,Katina,20000.00,HY4567D,EconomyClass,Demorado
669,Sandoval,Beverlee,25000.00,HY4567D,EconomyClass,Demorado
670,Orellana,Arlette,30000.00,HY4567D,EconomyClass,Demorado
671,Cárdenas,Jacqueline,50000.00,HY4567D,EconomyClass,Demorado
672,Olivares,Sheila-kathryn,10000.00,HY4567D,EconomyClass,Demorado
673,Alarcón,Lambert,42000.00,HY4567D,EconomyClass,Demorado
674,Gallardo,Lamont,33000.00,HY4567D,EconomyClass,Demorado
675,Ortiz,Immanuel,33000.00,HY4567D,EconomyClass,Demorado
676,Garrido,Nani,50000.00,HY4567D,EconomyClass,Demorado
677,Salazar,Galen,50000.00,HY4567D,EconomyClass,Demorado
678,Guzmán,Nilson,10000.00,HY4567D,EconomyClass,Demorado
679,Henríquez,Tomi,50000.00,HY4567D,EconomyClass,Demorado
680,Saavedra,Flore,30000.00,HY4567D,EconomyClass,Demorado
681,Navarro,Burgess,12000.00,HY4567D,EconomyClass,Demorado
682,Aguilera,Tally,42000.00,HY4567D,EconomyClass,Demorado
683,Parra,Jaquenette,25000.00,HY4567D,EconomyClass,Demorado
684,Romero,Sly,42000.00,HY4567D,EconomyClass,Demorado
685,Aravena,Yul,30000.00,HY4567D,EconomyClass,Demorado
686,Vargas,Rosalyn,37000.00,HY4567D,EconomyClass,Demorado
687,Vázquez,Devondra,10000.00,HY4567D,EconomyClass,Demorado
688,Cáceres,Xenos,37000.00,HY4567D,EconomyClass,Demorado
689,Yáñez,Terrence,42000.00,HY4567D,EconomyClass,Demorado
690,Leiva,Krystyna,50000.00,HY4567D,EconomyClass,Demorado
691,Escobar,Krishna,50000.00,HY4567D,EconomyClass,Demorado
692,Ruiz,Zorina,18000.00,HY4567D,EconomyClass,Demorado
693,Valdés,Baxy,20000.00,HY4567D,EconomyClass,Demorado
694,Vidal,Terrie,42000.00,HY4567D,EconomyClass,Demorado
695,Salinas,Justino,18000.00,HY4567D,EconomyClass,Demorado
696,Zúñiga,Erhard,33000.00,HY4567D,EconomyClass,Demorado
697,Peña,Robbie,30000.00,HY4567D,EconomyClass,Demorado
698,Godoy,Paddie,33000.00,HY4567D,EconomyClass,Demorado
699,Lagos,Evelyn,10000.00,HY4567D,EconomyClass,Demorado
700,Maldonado,Abbot,33000.00,HY4567D,EconomyClass,Demorado
701,Bustos,Tedra,33000.00,HY4567D,EconomyClass,Demorado
702,Medina,Rikki,12000.00,HY4567D,EconomyClass,Demorado
703,Pino,Alverta,25000.00,HY4567D,EconomyClass,Demorado
704,Palma,Pauly,30000.00,HY4567D,EconomyClass,Demorado
705,Moreno,Ariella,12000.00,HY4567D,EconomyClass,Demorado
706,Sanhueza,Lia,20000.00,HY4567D,EconomyClass,Demorado
707,Carvajal,Petronille,42000.00,HY4567D,EconomyClass,Demorado
708,Navarrete,Merle,10000.00,HY4567D,EconomyClass,Demorado
709,Sáez,Hagan,50000.00,HY4567D,EconomyClass,Demorado
710,Alvarado,Nikolaus,30000.00,HY4567D,EconomyClass,Demorado
711,Donoso,Cinda,42000.00,HY4567D,EconomyClass,Demorado
712,Poblete,Matelda,18000.00,HY4567D,EconomyClass,Demorado
713,Bustamante,Roslyn,25000.00,HY4567D,EconomyClass,Demorado
714,Toro,Jerrylee,10000.00,HY4567D,EconomyClass,Demorado
715,Ortega,Lucky,42000.00,IB0800A,EconomyClass,Aterrizado
716,Venegas,Elita,18000.00,IB0800A,EconomyClass,Aterrizado
717,Guerrero,Hyacinthia,25000.00,IB0800A,EconomyClass,Aterrizado
718,Mendoza,Fina,42000.00,IB0800A,EconomyClass,Aterrizado
719,Farías,Kamila,42000.00,IB0800A,EconomyClass,Aterrizado
720,San Martín,Jennie,42000.00,IB0800A,EconomyClass,Aterrizado
721,González,Riobard,42000.00,IB0800A,EconomyClass,Aterrizado
722,Fernández,Joannes,10000.00,IB0800A,EconomyClass,Aterrizado
723,Rodríguez,Darlene,42000.00,IB0800A,EconomyClass,Aterrizado
724,López,Zia,42000.00,IB0800A,EconomyClass,Aterrizado
725,Martínez,Cristina,15000.00,IB0800A,EconomyClass,Aterrizado
726,Sánchez,Jonathon,50000.00,IB0800A,EconomyClass,Aterrizado
727,Pérez,Rickie,42000.00,IB0800A,EconomyClass,Aterrizado
728,Gómez,Klara,50000.00,IB0800A,EconomyClass,Aterrizado
729,Martín,Osbert,33000.00,IB0800A,EconomyClass,Aterrizado
730,Jiménez,Emmet,37000.00,IB0800A,EconomyClass,Aterrizado
731,Ruiz,Cassandry,33000.00,IB0800A,EconomyClass,Aterrizado
732,Hernández,Enrica,18000.00,IB0800A,EconomyClass,Aterrizado
733,Díaz,Evvy,42000.00,IB0800A,EconomyClass,Aterrizado
734,Moreno,Silas,20000.00,IB0800A,EconomyClass,Aterrizado
735,Álvarez,Kaia,25000.00,IB0800A,EconomyClass,Aterrizado
736,Muñoz,Arvie,15000.00,IB0800A,EconomyClass,Aterrizado
737,Romero,Keith,20000.00,FR5678G,FirstClass,En Horario
738,Alonso,Silvie,12000.00,FR5678G,FirstClass,En Horario
739,Gutiérrez,Winnifred,10000.00,FR5678G,FirstClass,En Horario
740,Navarro,Chen,37000.00,FR5678G,FirstClass,En Horario
741,Torres,Carleton,15000.00,FR5678G,FirstClass,En Horario
742,Domínguez,Silvano,12000.00,FR5678G,FirstClass,En Horario
743,Vázquez,Pancho,18000.00,FR5678G,FirstClass,En Horario
744,Ramos,Melonie,33000.00,FR5678G,FirstClass,En Horario
745,González,Gordon,12000.00,FR5678G,FirstClass,En Horario
746,Muñoz,Rosemarie,10000.00,FR5678G,FirstClass,En Horario
747,Rojas,Graehme,18000.00,FR5678G,FirstClass,En Horario
748,Díaz,Mitchael,33000.00,FR5678G,FirstClass,En Horario
749,Pérez,Carola,10000.00,FR5678G,FirstClass,En Horario
750,Soto,Zsa zsa,20000.00,FR5678G,FirstClass,En Horario
751,Contreras,Jude,12000.00,FR5678G,FirstClass,En Horario
752,Silva,Arch,33000.00,FR5678G,FirstClass,En Horario
753,Martínez,Andrej,50000.00,FR5678G,FirstClass,En Horario
754,Sepúlveda,Amber,42000.00,FR5678G,FirstClass,En Horario
755,Morales,Dorian,15000.00,FR5678G,FirstClass,En Horario
756,Rodríguez,Kaitlynn,15000.00,FR5678G,FirstClass,En Horario
757,López,Kerianne,37000.00,FR5678G,FirstClass,En Horario
758,Fuentes,Boycie,18000.00,FR5678G,FirstClass,En Horario
759,Hernández,Nanete,37000.00,FR5678G,FirstClass,En Horario
760,Torres,Sidonia,10000.00,FR5678G,FirstClass,En Horario
761,Araya,Galvan,33000.00,FR5678G,FirstClass,En Horario
762,Flores,Lucienne,25000.00,FR5678G,FirstClass,En Horario
763,Espinoza,Davidson,37000.00,FR5678G,FirstClass,En Horario
764,Valenzuela,Roslyn,10000.00,FR5678G,FirstClass,En Horario
765,Castillo,Jenny,33000.00,FR5678G,ExecutiveClass,En Horario
766,Tapia,Toby,20000.00,FR5678G,ExecutiveClass,En Horario
767,Reyes,Brynne,18000.00,FR5678G,ExecutiveClass,En Horario
768,Gutiérrez,Blakeley,18000.00,FR5678G,ExecutiveClass,En Horario
769,Castro,Egan,10000.00,FR5678G,ExecutiveClass,En Horario
770,Pizarro,Barbey,20000.00,FR5678G,ExecutiveClass,En Horario
771,Álvarez,Portia,33000.00,FR5678G,ExecutiveClass,En Horario
772,Vásquez,Alica,37000.00,FR5678G,ExecutiveClass,En Horario
773,Sánchez,Juliana,50000.00,FR5678G,ExecutiveClass,En Horario
774,Fernández,Barde,18000.00,FR5678G,ExecutiveClass,En Horario
775,Ramírez,Wilie,30000.00,FR5678G,ExecutiveClass,En Horario
776,Carrasco,Letta,10000.00,FR5678G,ExecutiveClass,En Horario
777,Gómez,Ree,42000.00,FR5678G,ExecutiveClass,En Horario
778,Cortés,Ingmar,18000.00,FR5678G,ExecutiveClass,En Horario
779,Herrera,Melva,42000.00,FR5678G,ExecutiveClass,En Horario
780,Núñez,Tootsie,25000.00,FR5678G,ExecutiveClass,En Horario
781,Jara,Felike,33000.00,FR5678G,ExecutiveClass,En Horario
782,Vergara,Laughton,15000.00,FR5678G,ExecutiveClass,En Horario
783,Rivera,Crosby,12000.00,FR5678G,ExecutiveClass,En Horario
784,Figueroa,Marianne,33000.00,FR5678G,ExecutiveClass,En Horario
785,Riquelme,Francine,42000.00,FR5678G,ExecutiveClass,En Horario
786,García,Edan,50000.00,FR5678G,ExecutiveClass,En Horario
787,Miranda,Fayre,18000.00,FR5678G,ExecutiveClass,En Horario
788,Bravo,Adelaida,37000.00,FR5678G,ExecutiveClass,En Horario
789,Vera,Florella,25000.00,FR5678G,ExecutiveClass,En Horario
790,Molina,Noll,30000.00,FR5678G,ExecutiveClass,En Horario
791,Vega,Ki,42000.00,FR5678G,ExecutiveClass,En Horario
792,Campos,Jermayne,33000.00,FR5678G,ExecutiveClass,En Horario
793,Sandoval,Grayce,33000.00,FR5678G,ExecutiveClass,En Horario
794,Orellana,Harv,42000.00,FR5678G,ExecutiveClass,En Horario
795,Cárdenas,Lorianna,15000.00,FR5678G,ExecutiveClass,En Horario
796,Olivares,Hersh,33000.00,FR5678G,ExecutiveClass,En Horario
797,Alarcón,Diahann,33000.00,FR5678G,ExecutiveClass,En Horario
798,Gallardo,Yelena,50000.00,FR5678G,ExecutiveClass,En Horario
799,Ortiz,Emmaline,37000.00,FR5678G,ExecutiveClass,En Horario
800,Garrido,Daffi,12000.00,FR5678G,ExecutiveClass,En Horario
801,Salazar,Janine,50000.00,FR5678G,ExecutiveClass,En Horario
802,Guzmán,Sheilah,42000.00,FR5678G,ExecutiveClass,En Horario
803,Henríquez,Lazaro,10000.00,FR5678G,ExecutiveClass,En Horario
804,Saavedra,Earle,30000.00,FR5678G,ExecutiveClass,En Horario
805,Navarro,Fred,25000.00,FR5678G,EconomyClass,En Horario
806,Aguilera,Almira,42000.00,FR5678G,EconomyClass,En Horario
807,Parra,Wini,37000.00,FR5678G,EconomyClass,En Horario
808,Romero,Emanuel,30000.00,FR5678G,EconomyClass,En Horario
809,Aravena,Obadias,10000.00,FR5678G,EconomyClass,En Horario
810,Vargas,Efrem,20000.00,FR5678G,EconomyClass,En Horario
811,Vázquez,Susi,18000.00,FR5678G,EconomyClass,En Horario
812,Cáceres,Maxy,15000.00,FR5678G,EconomyClass,En Horario
813,Yáñez,Agnes,42000.00,FR5678G,EconomyClass,En Horario
814,Leiva,Obadiah,12000.00,FR5678G,EconomyClass,En Horario
815,Escobar,Lefty,50000.00,FR5678G,EconomyClass,En Horario
816,Ruiz,Michele,42000.00,FR5678G,EconomyClass,En Horario
817,Valdés,Cynthia,25000.00,FR5678G,EconomyClass,En Horario
818,Vidal,Hyatt,20000.00,FR5678G,EconomyClass,En Horario
819,Salinas,Roch,33000.00,FR5678G,EconomyClass,En Horario
820,Zúñiga,Mag,12000.00,FR5678G,EconomyClass,En Horario
821,Peña,Trevor,10000.00,FR5678G,EconomyClass,En Horario
822,Godoy,Jefferey,10000.00,FR5678G,EconomyClass,En Horario
823,Lagos,Tania,42000.00,FR5678G,EconomyClass,En Horario
824,Maldonado,Mercie,42000.00,FR5678G,EconomyClass,En Horario
825,Bustos,Andrei,10000.00,FR5678G,EconomyClass,En Horario
826,Medina,Yetta,25000.00,FR5678G,EconomyClass,En Horario
827,Pino,Angeli,20000.00,FR5678G,EconomyClass,En Horario
828,Palma,Norbert,20000.00,FR5678G,EconomyClass,En Horario
829,Moreno,Conan,20000.00,FR5678G,EconomyClass,En Horario
830,Sanhueza,Cale,50000.00,FR5678G,EconomyClass,En Horario
831,Carvajal,Christina,37000.00,FR5678G,EconomyClass,En Horario
832,Navarrete,Olivier,20000.00,FR5678G,EconomyClass,En Horario
833,Sáez,Oby,12000.00,FR5678G,EconomyClass,En Horario
834,Alvarado,Chad,15000.00,FR5678G,EconomyClass,En Horario
835,Donoso,Adelle,10000.00,FR5678G,EconomyClass,En Horario
836,Poblete,Keene,25000.00,FR5678G,EconomyClass,En Horario
837,Bustamante,Corrina,50000.00,FR5678G,EconomyClass,En Horario
838,Toro,Hashim,50000.00,FR5678G,EconomyClass,En Horario
839,Ortega,Oralia,10000.00,FR5678G,EconomyClass,En Horario
840,Venegas,Wadsworth,30000.00,FR5678G,EconomyClass,En Horario
841,Guerrero,Shelley,15000.00,FR5678G,EconomyClass,En Horario
842,Mendoza,Irv,15000.00,FR5678G,EconomyClass,En Horario
843,Farías,Grant,33000.00,FR5678G,EconomyClass,En Horario
844,San Martín,Bella,18000.00,FR5678G,EconomyClass,En Horario
845,González,Yardley,50000.00,FR5678G,EconomyClass,En Horario
846,Fernández,Brendin,10000.00,FR5678G,EconomyClass,En Horario
847,Rodríguez,Estella,42000.00,FR5678G,EconomyClass,En Horario
848,López,Rasia,37000.00,FR5678G,EconomyClass,En Horario
849,Martínez,Gibb,20000.00,FR5678G,EconomyClass,En Horario
850,Sánchez,Amanda,37000.00,FR5678G,EconomyClass,En Horario
851,Pérez,Sidoney,20000.00,FR5678G,EconomyClass,En Horario
852,Gómez,Giacopo,18000.00,FR5678G,EconomyClass,En Horario
853,Martín,Eve,12000.00,FR5678G,EconomyClass,En Horario
854,Jiménez,Levon,25000.00,FR5678G,EconomyClass,En Horario
855,Ruiz,Vassili,33000.00,FR5678G,EconomyClass,En Horario
856,Hernández,Henrieta,30000.00,FR5678G,EconomyClass,En Horario
857,Díaz,Devlen,37000.00,FR5678G,EconomyClass,En Horario
858,Moreno,Ophelie,37000.00,FR5678G,EconomyClass,En Horario
859,Álvarez,Abramo,37000.00,FR5678G,EconomyClass,En Horario
860,Muñoz,Fair,37000.00,FR5678G,EconomyClass,En Horario
861,Romero,Pietrek,25000.00,FR5678G,EconomyClass,En Horario
862,Alonso,Holden,50000.00,FR5678G,EconomyClass,En Horario
863,Gutiérrez,Cherish,42000.00,FR5678G,EconomyClass,En Horario
864,Navarro,Alonzo,12000.00,FR5678G,EconomyClass,En Horario
865,Torres,Devonna,18000.00,FR5678G,EconomyClass,En Horario
866,Domínguez,Rubi,18000.00,FR5678G,EconomyClass,En Horario
867,Vázquez,Emmanuel,30000.00,FR5678G,EconomyClass,En Horario
868,Ramos,Trumaine,42000.00,FR5678G,EconomyClass,En Horario
869,González,Malory,42000.00,FR5678G,EconomyClass,En Horario
870,Muñoz,Pearla,33000.00,FR5678G,EconomyClass,En Horario
871,Rojas,Phelia,33000.00,FR5678G,EconomyClass,En Horario
872,Díaz,Madonna,10000.00,FR5678G,EconomyClass,En Horario
873,Pérez,Thomasa,18000.00,FR5678G,EconomyClass,En Horario
874,Soto,Estella,20000.00,FR5678G,EconomyClass,En Horario
875,Contreras,Saw,15000.00,FR5678G,EconomyClass,En Horario
876,Silva,Cecil,37000.00,FR5678G,EconomyClass,En Horario
877,Martínez,Mac,25000.00,FR5678G,EconomyClass,En Horario
878,Sepúlveda,Ralf,12000.00,FR5678G,EconomyClass,En Horario
879,Morales,Barbey,12000.00,FR5678G,EconomyClass,En Horario
880,Rodríguez,Josi,18000.00,FR5678G,EconomyClass,En Horario
881,López,Kenna,25000.00,FR5678G,EconomyClass,En Horario
882,Fuentes,Rina,25000.00,FR5678G,EconomyClass,En Horario
883,Hernández,Callida,33000.00,FR5678G,EconomyClass,En Horario
884,Torres,Lona,30000.00,FR5678G,EconomyClass,En Horario
885,Araya,Jan,18000.00,FR5678G,EconomyClass,En Horario
886,Flores,Bailey,30000.00,FR5678G,EconomyClass,En Horario
887,Espinoza,Guillermo,42000.00,FR5678G,EconomyClass,En Horario
888,Valenzuela,Katlin,25000.00,FR5678G,EconomyClass,En Horario
889,Castillo,Flo,42000.00,FR5678G,EconomyClass,En Horario
890,Tapia,Madel,12000.00,FR5678G,EconomyClass,En Horario
891,Reyes,Conant,37000.00,FR5678G,EconomyClass,En Horario
892,Gutiérrez,Devland,10000.00,FR5678G,EconomyClass,En Horario
893,Castro,Annamarie,20000.00,FR5678G,EconomyClass,En Horario
894,Pizarro,Gabbie,42000.00,FR5678G,EconomyClass,En Horario
895,Álvarez,Frasquito,15000.00,FR5678G,EconomyClass,En Horario
896,Vásquez,Oberon,15000.00,FR5678G,EconomyClass,En Horario
897,Sánchez,Gabriell,10000.00,FR5678G,EconomyClass,En Horario
898,Fernández,Ki,30000.00,BR3456J,FirstClass,Demorado
899,Ramírez,Martelle,15000.00,BR3456J,FirstClass,Demorado
900,Carrasco,Riccardo,42000.00,BR3456J,FirstClass,Demorado
901,Gómez,Shaughn,50000.00,BR3456J,FirstClass,Demorado
902,Cortés,Coral,18000.00,BR3456J,FirstClass,Demorado
903,Herrera,Judas,10000.00,BR3456J,FirstClass,Demorado
904,Núñez,Josiah,12000.00,BR3456J,FirstClass,Demorado
905,Jara,Freda,42000.00,BR3456J,FirstClass,Demorado
906,Vergara,Lynn,37000.00,BR3456J,ExecutiveClass,Demorado
907,Rivera,Tabb,50000.00,BR3456J,ExecutiveClass,Demorado
908,Figueroa,Brittany,18000.00,MM0987B,EconomyClass,En Horario
909,Riquelme,Leo,42000.00,MM0987B,EconomyClass,En Horario
910,García,Atlante,33000.00,MM0987B,EconomyClass,En Horario
911,Miranda,Maurie,50000.00,MM0987B,EconomyClass,En Horario
912,Bravo,Oren,20000.00,MM0987B,EconomyClass,En Horario
913,Vera,Anetta,10000.00,MM0987B,EconomyClass,En Horario
914,Molina,Curry,20000.00,MM0987B,EconomyClass,En Horario
915,Vega,Tyrone,15000.00,MM0987B,EconomyClass,En Horario
916,Campos,Saunder,37000.00,MM0987B,EconomyClass,En Horario
917,Sandoval,Luis,12000.00,MM0987B,EconomyClass,En Horario
918,Orellana,Alysia,37000.00,MM0987B,EconomyClass,En Horario
919,Cárdenas,Calypso,12000.00,BR3456J,ExecutiveClass,Demorado
920,Olivares,Gretna,42000.00,BR3456J,ExecutiveClass,Demorado
921,Alarcón,Odie,20000.00,BR3456J,ExecutiveClass,Demorado
922,Gallardo,Wenda,12000.00,BR3456J,ExecutiveClass,Demorado
923,Ortiz,Ezekiel,20000.00,BR3456J,ExecutiveClass,Demorado
924,Garrido,Orlan,25000.00,BR3456J,ExecutiveClass,Demorado
925,Salazar,Wittie,37000.00,BR3456J,ExecutiveClass,Demorado
926,Guzmán,Abbie,18000.00,BR3456J,EconomyClass,Demorado
927,Henríquez,Robinia,10000.00,BR3456J,EconomyClass,Demorado
928,Saavedra,Hayden,30000.00,BR3456J,EconomyClass,Demorado
929,Navarro,Melody,20000.00,BR3456J,EconomyClass,Demorado
930,Aguilera,Emory,37000.00,BR3456J,EconomyClass,Demorado
931,Parra,Callie,10000.00,BR3456J,EconomyClass,Demorado
932,Romero,Debby,18000.00,IB0800A,EconomyClass,Aterrizado
933,Aravena,Gui,20000.00,IB0800A,EconomyClass,Aterrizado
934,Vargas,Dorette,37000.00,IB0800A,EconomyClass,Aterrizado
935,Vázquez,Jillane,37000.00,IB0800A,EconomyClass,Aterrizado
936,Cáceres,Carolina,33000.00,IB0800A,EconomyClass,Aterrizado
937,Yáñez,Randy,15000.00,IB0800A,EconomyClass,Aterrizado
938,Leiva,Arabel,50000.00,IB0800A,EconomyClass,Aterrizado
939,Escobar,Verina,37000.00,IB0800A,EconomyClass,Aterrizado
940,Ruiz,Josefina,30000.00,IB0800A,EconomyClass,Aterrizado
941,Valdés,Nina,25000.00,IB0800A,EconomyClass,Aterrizado
942,Vidal,Vernen,18000.00,IB0800A,EconomyClass,Aterrizado
943,Salinas,Loria,25000.00,IB0800A,EconomyClass,Aterrizado
944,Zúñiga,Isabeau,37000.00,BA2491A,EconomyClass,Aterrizado
945,Peña,Cherice,15000.00,BR3456J,EconomyClass,Demorado
946,Godoy,Kimberley,18000.00,BR3456J,EconomyClass,Demorado
947,Lagos,Martyn,25000.00,BR3456J,EconomyClass,Demorado
948,Maldonado,Agustin,25000.00,BR3456J,EconomyClass,Demorado
949,Bustos,Clerissa,15000.00,BR3456J,EconomyClass,Demorado
950,Medina,Lonna,10000.00,BR3456J,EconomyClass,Demorado
951,Pino,Wake,25000.00,BR3456J,EconomyClass,Demorado
952,Palma,Edwina,42000.00,MM0987B,EconomyClass,En Horario
953,Moreno,Lacey,50000.00,MM0987B,EconomyClass,En Horario
954,Sanhueza,Laetitia,33000.00,MM0987B,EconomyClass,En Horario
955,Carvajal,Delila,20000.00,MM0987B,EconomyClass,En Horario
956,Navarrete,Sioux,12000.00,MM0987B,EconomyClass,En Horario
957,Sáez,Floyd,15000.00,MM0987B,EconomyClass,En Horario
958,Alvarado,Trista,50000.00,BR3456J,EconomyClass,Demorado
959,Donoso,Shaughn,15000.00,BR3456J,EconomyClass,Demorado
960,Poblete,Zitella,42000.00,BR3456J,EconomyClass,Demorado
961,Bustamante,Ginnie,15000.00,BR3456J,EconomyClass,Demorado
962,Toro,Burty,12000.00,BR3456J,EconomyClass,Demorado
963,Ortega,Arley,33000.00,BR3456J,EconomyClass,Demorado
964,Venegas,Ansley,37000.00,BR3456J,EconomyClass,Demorado
965,Guerrero,Kirstin,12000.00,BR3456J,EconomyClass,Demorado
966,Mendoza,Karon,10000.00,BR3456J,EconomyClass,Demorado
967,Farías,Esme,37000.00,BR3456J,EconomyClass,Demorado
968,San Martín,Berenice,10000.00,IB0800A,EconomyClass,Aterrizado
969,González,Charlie,50000.00,IB0800A,EconomyClass,Aterrizado
970,Fernández,Noach,12000.00,IB0800A,EconomyClass,Aterrizado
971,Rodríguez,Mercedes,12000.00,IB0800A,EconomyClass,Aterrizado
972,López,Sloan,42000.00,IB0800A,EconomyClass,Aterrizado
973,Martínez,Guglielma,15000.00,IB0800A,EconomyClass,Aterrizado
974,Sánchez,Herrick,30000.00,IB0800A,EconomyClass,Aterrizado
975,Pérez,Aleksandr,42000.00,IB0800A,EconomyClass,Aterrizado
976,Gómez,Arlina,33000.00,IB0800A,EconomyClass,Aterrizado
977,Martín,Wenonah,12000.00,IB0800A,EconomyClass,Aterrizado
978,Jiménez,Warner,30000.00,IB0800A,EconomyClass,Aterrizado
979,Ruiz,Libbey,42000.00,BA2491A,EconomyClass,Aterrizado
980,Hernández,Brana,10000.00,BA2491A,EconomyClass,Aterrizado
981,Díaz,Genevieve,20000.00,BA2491A,EconomyClass,Aterrizado
982,Moreno,Sharai,10000.00,BA2491A,EconomyClass,Aterrizado
983,Álvarez,Josi,12000.00,BA2491A,EconomyClass,Aterrizado
984,Muñoz,Pebrook,33000.00,BA2491A,EconomyClass,Aterrizado
985,Romero,Erna,33000.00,BA2491A,EconomyClass,Aterrizado
986,Alonso,Ferd,25000.00,BA2491A,EconomyClass,Aterrizado
987,Gutiérrez,Mohammed,42000.00,BA2491A,EconomyClass,Aterrizado
988,Navarro,Dawn,37000.00,BA2491A,EconomyClass,Aterrizado
989,Torres,Wandie,25000.00,BA2491A,EconomyClass,Aterrizado
990,Domínguez,Chiarra,18000.00,MM0987B,EconomyClass,En Horario
991,Vázquez,Zaccaria,33000.00,MM0987B,EconomyClass,En Horario
992,Ramos,Trenna,10000.00,MM0987B,EconomyClass,En Horario
993,Moreno,Angelia,50000.00,MM0987B,EconomyClass,En Horario
994,Álvarez,Raquela,12000.00,MM0987B,EconomyClass,En Horario
995,Muñoz,Maxi,18000.00,MM0987B,EconomyClass,En Horario
996,Romero,Atalanta,37000.00,MM0987B,EconomyClass,En Horario
997,Alonso,De witt,12000.00,MM0987B,EconomyClass,En Horario
998,Gutiérrez,Jaye,25000.00,MM0987B,EconomyClass,En Horario
999,Navarro,Tamarra,15000.00,MM0987B,EconomyClass,En Horario
1000,Torres,Saleem,20000.00,MM0987B,EconomyClass,En Horario
